test_index,similar_train_row
Ten Rounds With Jose Cuervo,Little Bit of Life
Ten Rounds With Jose Cuervo,Bright Sunny South
Ten Rounds With Jose Cuervo,Get Drunk And Be Somebody
Ten Rounds With Jose Cuervo,Marcia Baila
Ten Rounds With Jose Cuervo,She's Got It All
Emigrantes,Dynamit
Emigrantes,Kake Is At The Dampf
Emigrantes,Grand Canyon
Emigrantes,Automat
Emigrantes,Yasmin
An Fharraige,Will Is My Friend
An Fharraige,Oró
An Fharraige,The Dream of the Dolphin
An Fharraige,Coming home
An Fharraige,Been Smoking Too Long
Lost Without Your Love,I Don't Wanna Grow Up
Lost Without Your Love,El Triste
Lost Without Your Love,I'll Come Running
Lost Without Your Love,Do I
Lost Without Your Love,Brännö serenad
Walking Sin,Bad Woman
Walking Sin,Halloween II
Walking Sin,Brännö serenad
Walking Sin,The One You Love
Walking Sin,The Child in Us
Arclight,Predetermined Sky
Arclight,This Time Was Mine
Arclight,Auge um Auge
Arclight,Noetavaeno
Arclight,Losers' Ballet
No Sleep Till Brooklyn,Take It So Hard
No Sleep Till Brooklyn,Come to Daddy
No Sleep Till Brooklyn,V.c. (gloria Domini)
No Sleep Till Brooklyn,Lovin' Each Day
No Sleep Till Brooklyn,The Darkest Places
Suite: Judy Blue Eyes,Get Up and Dance
Suite: Judy Blue Eyes,Or Down You Fall
Suite: Judy Blue Eyes,Who Walks in When I Walk Out?
Suite: Judy Blue Eyes,Gun Street Girl
Suite: Judy Blue Eyes,Search For Peace
Raindrops,Mala Vida
Raindrops,Wonderlust King
Raindrops,I'll Be Gone
Raindrops,Wrath Upon Ourselves
Raindrops,Keep the Faith
Explosive,You Never Had It
Explosive,Greatest Day
Explosive,Neat Neat Neat
Explosive,Super Taranta!
Explosive,Velvet Touch
Memory of You,Hunting Song
Memory of You,Wrath Upon Ourselves
Memory of You,Light the Torch
Memory of You,Losers' Ballet
Memory of You,Noetavaeno
Cold Stare,Super Taranta!
Cold Stare,A Wish
Cold Stare,Party Time
Cold Stare,Lenny
Cold Stare,Greatest Day
The Final Hour,Take This Life
The Final Hour,Gallows Pole
The Final Hour,Musical Terrorism Act
The Final Hour,This Time Was Mine
The Final Hour,I Won't Apologize
I'm Goin' Down,She's Got It All
I'm Goin' Down,I Did It
I'm Goin' Down,Dirty Business
I'm Goin' Down,Jealous Again
I'm Goin' Down,Grand Designs
The Past Should Stay Dead,The Violence
The Past Should Stay Dead,No One Really Wins
The Past Should Stay Dead,Deliverance
The Past Should Stay Dead,Bragarful
The Past Should Stay Dead,Leaving
Threat,Provider
Threat,Yasmin
Threat,Official
Threat,I've Committed Murder
Threat,Pistol Pistol (Remix)
Beni Beni,Tamatant Tilay
Beni Beni,Sans Toi
Beni Beni,Still Around
Beni Beni,Choctaw Hayride
Beni Beni,It Beats 4 U
Pour Decisions,For My Family
Pour Decisions,Scarlet Hourglass
Pour Decisions,Warriors of Faith
Pour Decisions,Stay The Course
Pour Decisions,Lexicon Devil
Toumast,Assouf
Toumast,Ahimana
Toumast,Forty One Ways
Toumast,Emergency Call
Toumast,Prophesy
Marie,The Violence
Marie,Love Steals Us From Loneliness
Marie,Plagues
Marie,Ya Can't Go Home
Marie,Breathing
